ts,open,high,low,close,volume
2023-06-26,0.49025,0.49196,0.46861,0.47893,178514300.0
2023-06-27,0.47898,0.48521,0.4751,0.48375,110235000.0
2023-06-28,0.48375,0.48432,0.44378,0.46459,238106300.0
2023-06-29,0.46456,0.47714,0.46119,0.47453,143194300.0
2023-06-30,0.47455,0.4828,0.4491,0.47327,343515900.0
2023-07-01,0.4733,0.476,0.46438,0.47339,158277300.0
2023-07-02,0.47339,0.4959,0.46896,0.48457,421160300.0
2023-07-03,0.48456,0.49227,0.47827,0.4892,272087400.0
2023-07-04,0.48917,0.49359,0.47911,0.48724,219419700.0
2023-07-05,0.48726,0.49197,0.46743,0.47758,222471500.0
2023-07-06,0.47753,0.48419,0.4612,0.46199,197679300.0
2023-07-07,0.46193,0.47072,0.45706,0.46859,115830800.0
2023-07-08,0.4686,0.47506,0.46484,0.47043,165013400.0
2023-07-09,0.47045,0.47189,0.46617,0.46813,62969100.0
2023-07-10,0.46812,0.47998,0.4619,0.4778,152992400.0
2023-07-11,0.47779,0.47841,0.471,0.47503,76884500.0
2023-07-12,0.47513,0.47726,0.46465,0.47096,124111700.0
2023-07-13,0.47096,0.95,0.46954,0.81545,3780645000.0
2023-07-14,0.8153,0.82583,0.666,0.71767,2738416000.0
2023-07-15,0.71767,0.7364,0.692,0.71467,1351330600.0
2023-07-16,0.71462,0.79043,0.70078,0.74697,1535744300.0
2023-07-17,0.74695,0.76687,0.712,0.73759,1077375900.0
2023-07-18,0.73752,0.78555,0.73092,0.77791,944257200.0
2023-07-19,0.77789,0.855,0.76727,0.81998,1725376500.0
2023-07-20,0.81996,0.84887,0.77118,0.79438,1148174900.0
2023-07-21,0.79441,0.7989,0.76,0.77124,645489400.0
2023-07-22,0.77131,0.77987,0.71989,0.73303,652747300.0
2023-07-23,0.73299,0.75218,0.71404,0.73821,548764600.0
2023-07-24,0.7382,0.74256,0.67501,0.70193,856788700.0
2023-07-25,0.70197,0.71646,0.67442,0.70895,550952200.0
2023-07-26,0.70895,0.73138,0.69244,0.7161,511436200.0
2023-07-27,0.71617,0.73317,0.70616,0.71388,429043000.0
2023-07-28,0.71388,0.71908,0.70089,0.71176,228111900.0
2023-07-29,0.71178,0.71603,0.70351,0.71214,134944900.0
2023-07-30,0.71209,0.73638,0.68179,0.7049,346581600.0
2023-07-31,0.70491,0.72055,0.68445,0.69755,400424000.0
2023-08-01,0.69755,0.70831,0.67162,0.70694,386560100.0
2023-08-02,0.70699,0.70827,0.67439,0.68501,294288200.0
2023-08-03,0.685,0.68762,0.6541,0.66305,409637400.0
2023-08-04,0.66307,0.66778,0.62222,0.63561,398684900.0
2023-08-05,0.63556,0.63589,0.61005,0.62897,382345500.0
2023-08-06,0.6289,0.63888,0.62131,0.62414,198079000.0
2023-08-07,0.6242,0.63032,0.59463,0.62346,406825300.0
2023-08-08,0.6234,0.64844,0.614,0.64181,320953800.0
2023-08-09,0.6418,0.6661,0.63135,0.64359,491175400.0
2023-08-10,0.64359,0.64476,0.62404,0.63331,292495300.0
2023-08-11,0.63329,0.6414,0.6253,0.63178,182900900.0
2023-08-12,0.63178,0.63361,0.62103,0.62762,81974600.0
2023-08-13,0.62763,0.63871,0.62341,0.6256,102146600.0
2023-08-14,0.62558,0.637,0.62423,0.63426,136262600.0
2023-08-15,0.63426,0.63486,0.57561,0.61021,341759300.0
2023-08-16,0.61022,0.61714,0.57014,0.58903,410316400.0
2023-08-17,0.58918,0.595,0.40602,0.50604,785770500.0
2023-08-18,0.50605,0.52293,0.48234,0.50607,737402900.0
2023-08-19,0.50615,0.52472,0.50075,0.51999,266693000.0
2023-08-20,0.51999,0.55832,0.51616,0.53846,552541600.0
2023-08-21,0.5385,0.53971,0.50148,0.52423,576864800.0
2023-08-22,0.52423,0.5255,0.50277,0.52095,398681400.0
2023-08-23,0.52094,0.53699,0.51555,0.52999,304752100.0
2023-08-24,0.52999,0.53188,0.51092,0.51873,267961500.0
2023-08-25,0.51871,0.53197,0.50774,0.52578,346360500.0
2023-08-26,0.52578,0.52825,0.5181,0.52308,155481100.0
2023-08-27,0.52311,0.53029,0.5165,0.52364,140721300.0
2023-08-28,0.52365,0.52487,0.51,0.523,209221600.0
2023-08-29,0.523,0.55004,0.51304,0.53979,405464600.0
2023-08-30,0.53979,0.54047,0.52129,0.52827,186171000.0
2023-08-31,0.52823,0.5288,0.49554,0.51098,291942200.0
2023-09-01,0.51098,0.51196,0.48655,0.49789,407174500.0
2023-09-02,0.49783,0.50273,0.49402,0.49888,112309200.0
2023-09-03,0.49888,0.51096,0.49707,0.50455,158930900.0
2023-09-04,0.50458,0.51323,0.49644,0.50866,200061300.0
2023-09-05,0.50869,0.50883,0.49901,0.50534,151868000.0
2023-09-06,0.50533,0.5057,0.49075,0.50321,206330700.0
2023-09-07,0.50321,0.50678,0.49648,0.50498,151896100.0
2023-09-08,0.50493,0.50765,0.49388,0.50485,163962700.0
2023-09-09,0.50486,0.50486,0.50138,0.50373,55382700.0
2023-09-10,0.50372,0.50383,0.49213,0.49691,159466900.0
2023-09-11,0.49691,0.49817,0.45765,0.4743,481121900.0
2023-09-12,0.47433,0.48704,0.47011,0.48026,333254100.0
2023-09-13,0.48027,0.49885,0.4732,0.48324,250023500.0
2023-09-14,0.48316,0.49413,0.48,0.48912,248686700.0
2023-09-15,0.48914,0.50891,0.48736,0.50036,281786400.0
2023-09-16,0.50038,0.50358,0.49638,0.49978,103606300.0
2023-09-17,0.49979,0.50038,0.48901,0.49255,125165200.0
2023-09-18,0.49248,0.50781,0.48632,0.50299,218165700.0
2023-09-19,0.50298,0.51678,0.50051,0.51392,226379900.0
2023-09-20,0.51388,0.5256,0.50632,0.52116,299825100.0
2023-09-21,0.52122,0.5214,0.50006,0.50703,230178900.0
2023-09-22,0.50703,0.5171,0.50356,0.5122,175561600.0
2023-09-23,0.51234,0.51363,0.50542,0.50762,83007900.0
2023-09-24,0.50765,0.51169,0.49787,0.50206,121918700.0
2023-09-25,0.50198,0.50724,0.49119,0.50541,251470900.0
2023-09-26,0.50538,0.50751,0.4956,0.50172,198125400.0
2023-09-27,0.50172,0.50722,0.4969,0.49933,212787800.0
2023-09-28,0.49931,0.5102,0.49523,0.50971,223697500.0
2023-09-29,0.50972,0.54945,0.5062,0.52137,582752300.0
2023-09-30,0.52132,0.52168,0.51251,0.51491,191957700.0
2023-10-01,0.5149,0.52606,0.51338,0.52424,169333500.0
2023-10-02,0.52432,0.52652,0.50298,0.51214,297529800.0
2023-10-03,0.51213,0.5478,0.50527,0.53882,380902700.0
2023-10-04,0.53898,0.54297,0.5182,0.53254,566985400.0
2023-10-05,0.53253,0.53261,0.51508,0.52266,290072300.0
2023-10-06,0.52267,0.53078,0.51656,0.52528,164531100.0
2023-10-07,0.52524,0.52563,0.5195,0.52171,72591900.0
2023-10-08,0.52171,0.52351,0.51529,0.51749,75927600.0
2023-10-09,0.51751,0.52013,0.4837,0.50265,296712300.0
2023-10-10,0.50266,0.50266,0.49176,0.49646,180487400.0
2023-10-11,0.49647,0.49775,0.47842,0.4887,264664900.0
2023-10-12,0.48869,0.48874,0.47294,0.48299,262379700.0
2023-10-13,0.48297,0.49066,0.4787,0.48487,191167700.0
2023-10-14,0.48495,0.48827,0.48354,0.48648,63989100.0
2023-10-15,0.48647,0.49058,0.48483,0.48749,80230000.0
2023-10-16,0.48749,0.5117,0.48391,0.49754,276865000.0
2023-10-17,0.49756,0.49785,0.48329,0.49112,184289700.0
2023-10-18,0.49113,0.49241,0.48508,0.48776,168147800.0
2023-10-19,0.48775,0.52449,0.47626,0.51943,422483200.0
2023-10-20,0.51943,0.53155,0.5087,0.51493,478739900.0
2023-10-21,0.51499,0.5333,0.51088,0.52094,190268800.0
2023-10-22,0.52094,0.5243,0.51038,0.52274,169886900.0
2023-10-23,0.52276,0.55379,0.5198,0.54772,472629500.0
2023-10-24,0.54773,0.58689,0.53104,0.55872,705610000.0
2023-10-25,0.5586,0.56445,0.54036,0.55529,346357600.0
2023-10-26,0.55541,0.57,0.54165,0.55359,365951400.0
2023-10-27,0.55368,0.55904,0.53058,0.54298,308084000.0
2023-10-28,0.543,0.55041,0.54077,0.54474,115986500.0
2023-10-29,0.54474,0.56155,0.54034,0.55593,164519600.0
2023-10-30,0.55598,0.58431,0.54944,0.57801,307284400.0
2023-10-31,0.57801,0.62768,0.56168,0.59958,564618900.0
2023-11-01,0.5995,0.61706,0.57933,0.60896,404852700.0
2023-11-02,0.60898,0.62692,0.58561,0.60536,399206700.0
2023-11-03,0.60534,0.61493,0.59122,0.61196,281203900.0
2023-11-04,0.61196,0.618,0.60852,0.61527,127377600.0
2023-11-05,0.61526,0.66286,0.61411,0.66066,484240300.0
2023-11-06,0.66062,0.73301,0.65841,0.71478,796900400.0
2023-11-07,0.71483,0.71549,0.64688,0.68476,674592200.0
2023-11-08,0.68476,0.69988,0.6729,0.6872,379444800.0
2023-11-09,0.6872,0.70758,0.60938,0.66666,786880000.0
2023-11-10,0.66665,0.6717,0.6351,0.6596,350004400.0
2023-11-11,0.6596,0.6882,0.6392,0.6629,343273100.0
2023-11-12,0.6629,0.6712,0.6454,0.6613,147746300.0
2023-11-13,0.6614,0.7536,0.6391,0.6702,635344200.0
2023-11-14,0.6702,0.6727,0.5826,0.6296,537426900.0
2023-11-15,0.6296,0.6507,0.6251,0.6482,195808900.0
2023-11-16,0.6482,0.6532,0.6026,0.6117,311875200.0
2023-11-17,0.6117,0.6243,0.5853,0.6132,257928100.0
2023-11-18,0.6133,0.6144,0.5888,0.6106,175955000.0
2023-11-19,0.6108,0.6288,0.6013,0.626,160851800.0
2023-11-20,0.626,0.6284,0.6055,0.6119,247799700.0
2023-11-21,0.612,0.6179,0.572,0.5784,438905900.0
2023-11-22,0.5784,0.6163,0.5772,0.611,187808500.0
2023-11-23,0.6111,0.6239,0.6061,0.6207,188927100.0
2023-11-24,0.6208,0.6263,0.6151,0.6209,181474800.0
2023-11-25,0.621,0.6237,0.6154,0.6227,73777300.0
2023-11-26,0.6227,0.6374,0.6052,0.6159,212006300.0
2023-11-27,0.6159,0.6174,0.5933,0.6038,194421700.0
2023-11-28,0.6038,0.6136,0.5951,0.6104,168504400.0
2023-11-29,0.6105,0.6175,0.6038,0.609,145319900.0
2023-11-30,0.6089,0.6096,0.5969,0.6064,127079100.0
2023-12-01,0.6064,0.6144,0.6033,0.6125,98602600.0
2023-12-02,0.6125,0.6231,0.6111,0.6208,94824300.0
2023-12-03,0.6208,0.6345,0.6168,0.6232,163528900.0
2023-12-04,0.6232,0.6446,0.5719,0.6248,400154700.0
2023-12-05,0.6248,0.6308,0.6071,0.6214,210015900.0
2023-12-06,0.6215,0.644,0.6098,0.6403,318047100.0
2023-12-07,0.6402,0.6547,0.6211,0.6437,323534400.0
2023-12-08,0.6436,0.6759,0.6371,0.6725,281904900.0
2023-12-09,0.6725,0.701,0.6463,0.6585,405547800.0
2023-12-10,0.6585,0.6716,0.6468,0.6619,194720500.0
2023-12-11,0.6619,0.663,0.5821,0.6187,472852200.0
2023-12-12,0.6186,0.6267,0.6065,0.619,172526400.0
2023-12-13,0.6191,0.6347,0.5929,0.6275,239004400.0
2023-12-14,0.6276,0.6384,0.6,0.6317,206980400.0
2023-12-15,0.6319,0.6444,0.611,0.6153,155746300.0
2023-12-16,0.6153,0.6259,0.6094,0.6203,70264300.0
2023-12-17,0.6203,0.6239,0.6081,0.6102,98608700.0
2023-12-18,0.6101,0.6141,0.5778,0.6123,232960300.0
2023-12-19,0.6124,0.6169,0.5968,0.6046,109511100.0
2023-12-20,0.6046,0.6264,0.6008,0.6171,191730200.0
2023-12-21,0.6172,0.6251,0.61,0.6242,123943300.0
2023-12-22,0.6243,0.6323,0.615,0.6246,179989400.0
2023-12-23,0.6246,0.6251,0.6102,0.6196,87903700.0
2023-12-24,0.6196,0.6297,0.5969,0.6123,179610100.0
2023-12-25,0.6124,0.65,0.6032,0.6462,299279400.0
2023-12-26,0.6462,0.6468,0.5957,0.622,310213600.0
2023-12-27,0.622,0.6425,0.6124,0.6344,193273100.0
2023-12-28,0.6345,0.6584,0.6242,0.6348,277253600.0
2023-12-29,0.635,0.6367,0.6113,0.6228,185477400.0
2023-12-30,0.6227,0.6298,0.6157,0.6209,83903200.0
2023-12-31,0.621,0.6287,0.6037,0.6151,89199300.0
2024-01-01,0.615,0.6316,0.6084,0.6301,83112100.0
2024-01-02,0.63,0.641,0.6212,0.6245,195590000.0
2024-01-03,0.6244,0.64,0.4613,0.5824,854631100.0
2024-01-04,0.5823,0.5937,0.5666,0.5867,186932700.0
2024-01-05,0.5868,0.5887,0.551,0.5757,293412800.0
2024-01-06,0.5758,0.5759,0.5566,0.5681,91171100.0
2024-01-07,0.568,0.573,0.5455,0.5513,118384200.0
2024-01-08,0.5514,0.5819,0.5439,0.5777,443224400.0
2024-01-09,0.5777,0.5794,0.5512,0.5669,392127300.0
2024-01-10,0.5669,0.6149,0.5476,0.6007,396078500.0
2024-01-11,0.6008,0.6245,0.5856,0.6018,353872500.0
2024-01-12,0.6018,0.6036,0.5495,0.5696,278907700.0
2024-01-13,0.5696,0.5777,0.5625,0.5746,72608500.0
2024-01-14,0.5746,0.5933,0.5714,0.5763,118125800.0
2024-01-15,0.5764,0.5897,0.5685,0.5756,123024300.0
2024-01-16,0.5756,0.58,0.5656,0.5757,117418100.0
2024-01-17,0.5758,0.5763,0.5608,0.5687,100929000.0
2024-01-18,0.5687,0.569,0.5423,0.552,138327600.0
2024-01-19,0.5522,0.554,0.5217,0.5443,199011000.0
2024-01-20,0.5442,0.5551,0.5389,0.5534,89747500.0
2024-01-21,0.5534,0.5553,0.5423,0.5465,68923900.0
2024-01-22,0.5465,0.5497,0.517,0.5274,217855100.0
2024-01-23,0.5274,0.5317,0.4959,0.5181,213666800.0
2024-01-24,0.5181,0.5194,0.5111,0.5181,108304700.0
2024-01-25,0.5181,0.5182,0.5038,0.5139,114752000.0
2024-01-26,0.5139,0.5368,0.5085,0.532,139999300.0
2024-01-27,0.5321,0.535,0.5263,0.5303,45370400.0
2024-01-28,0.5303,0.5354,0.5208,0.5241,74175000.0
2024-01-29,0.5241,0.5398,0.5191,0.535,130516800.0
2024-01-30,0.5351,0.5392,0.507,0.5107,217165800.0
2024-01-31,0.5107,0.5145,0.4845,0.5033,298205100.0
2024-02-01,0.5032,0.5108,0.4898,0.5059,154542200.0
2024-02-02,0.5058,0.5144,0.4986,0.5105,142346900.0
2024-02-03,0.5105,0.5269,0.506,0.5186,169992200.0
2024-02-04,0.5187,0.5191,0.4988,0.503,101224200.0
2024-02-05,0.5031,0.5143,0.4967,0.5069,140066900.0
2024-02-06,0.5069,0.5111,0.4979,0.505,142201300.0
2024-02-07,0.5051,0.5159,0.4995,0.5138,148153900.0
2024-02-08,0.5138,0.5195,0.5101,0.5145,157579400.0
2024-02-09,0.5146,0.5283,0.5141,0.5262,148853100.0
2024-02-10,0.5262,0.5282,0.5182,0.5239,61342300.0
2024-02-11,0.5239,0.5362,0.5218,0.5262,117822700.0
2024-02-12,0.5263,0.5384,0.5143,0.5316,178735200.0
2024-02-13,0.5316,0.5341,0.5137,0.5245,220563600.0
2024-02-14,0.5247,0.542,0.5203,0.5377,219823300.0
2024-02-15,0.5378,0.577,0.5369,0.5622,357458600.0
2024-02-16,0.5623,0.5796,0.5519,0.5643,278964400.0
2024-02-17,0.5643,0.5657,0.5388,0.5496,114797200.0
2024-02-18,0.5497,0.5628,0.5471,0.5572,87293300.0
2024-02-19,0.5572,0.5681,0.5536,0.5629,166466400.0
2024-02-20,0.5628,0.5754,0.5416,0.5623,392666500.0
2024-02-21,0.5624,0.563,0.5327,0.5492,226656000.0
2024-02-22,0.5492,0.5519,0.5363,0.5411,162395200.0
2024-02-23,0.541,0.5439,0.525,0.5342,181787400.0
2024-02-24,0.5341,0.5482,0.5312,0.5451,83612100.0
2024-02-25,0.545,0.5489,0.5419,0.5428,69993400.0
2024-02-26,0.5427,0.5533,0.5291,0.5507,189486300.0
2024-02-27,0.5508,0.5974,0.5479,0.5865,414641600.0
2024-02-28,0.5865,0.6072,0.5215,0.5754,620017400.0
2024-02-29,0.5754,0.6272,0.5674,0.5867,753174400.0
2024-03-01,0.5868,0.6039,0.5826,0.6016,248515700.0
2024-03-02,0.6016,0.6513,0.5999,0.6446,485504500.0
2024-03-03,0.6446,0.645,0.5803,0.6269,409884800.0
2024-03-04,0.6269,0.6682,0.6126,0.648,556901700.0
2024-03-05,0.648,0.6696,0.5231,0.5911,1104432800.0
2024-03-06,0.5912,0.6242,0.5755,0.6123,439649400.0
2024-03-07,0.6123,0.6394,0.6063,0.6275,399783400.0
2024-03-08,0.6274,0.6343,0.5973,0.6201,395594900.0
2024-03-09,0.6201,0.6328,0.6157,0.6201,228770800.0
2024-03-10,0.6202,0.6281,0.5961,0.6084,208766600.0
2024-03-11,0.6083,0.7449,0.5814,0.7233,1170048600.0
2024-03-12,0.7233,0.734,0.6573,0.6882,791713800.0
2024-03-13,0.6882,0.7032,0.668,0.6895,351563700.0
2024-03-14,0.6895,0.708,0.6377,0.6695,551071500.0
2024-03-15,0.6694,0.6765,0.594,0.6341,699623200.0
2024-03-16,0.6341,0.6476,0.5922,0.6032,340790100.0
2024-03-17,0.6031,0.6247,0.5864,0.6192,211841300.0
2024-03-18,0.6193,0.6687,0.5943,0.6453,474635300.0
2024-03-19,0.6453,0.649,0.5684,0.5844,817483600.0
2024-03-20,0.5844,0.6188,0.5677,0.6111,529672500.0
2024-03-21,0.611,0.6553,0.5971,0.6407,529460100.0
2024-03-22,0.6408,0.6455,0.5986,0.6115,341430000.0
2024-03-23,0.6115,0.6327,0.6029,0.6166,189962300.0
2024-03-24,0.6166,0.6358,0.6131,0.6326,212514800.0
2024-03-25,0.6328,0.663,0.6263,0.6402,331998100.0
2024-03-26,0.6403,0.6531,0.6245,0.632,288702100.0
2024-03-27,0.632,0.635,0.6053,0.6119,290497900.0
2024-03-28,0.6118,0.6378,0.6029,0.6247,241930200.0
2024-03-29,0.6247,0.6462,0.6086,0.6304,305777600.0
2024-03-30,0.6303,0.6377,0.6175,0.6214,154600700.0
2024-03-31,0.6213,0.6304,0.6203,0.6296,79052100.0
2024-04-01,0.6296,0.6345,0.5939,0.6111,319932600.0
2024-04-02,0.611,0.6187,0.5791,0.5853,396320500.0
2024-04-03,0.5852,0.593,0.5662,0.5743,256460300.0
2024-04-04,0.5743,0.6171,0.562,0.5934,473178300.0
2024-04-05,0.5934,0.594,0.5683,0.5871,213846500.0
2024-04-06,0.587,0.6,0.5853,0.5931,108368500.0
2024-04-07,0.5931,0.6028,0.5894,0.5945,120682500.0
2024-04-08,0.5945,0.6266,0.5879,0.6149,276088900.0
2024-04-09,0.6149,0.6431,0.6008,0.6141,393920900.0
2024-04-10,0.614,0.6204,0.5917,0.6171,312355200.0
2024-04-11,0.6171,0.6216,0.6028,0.6087,177507250.0
2024-04-12,0.6087,0.6159,0.4888,0.5469,886594380.0
2024-04-13,0.5468,0.5489,0.4072,0.4788,1288785750.0
2024-04-14,0.4787,0.5071,0.4636,0.5032,573936830.0
2024-04-15,0.5031,0.5188,0.4809,0.4976,477205240.0
2024-04-16,0.4975,0.5021,0.4754,0.4963,365958600.0
2024-04-17,0.4962,0.508,0.4715,0.4949,391459350.0
2024-04-18,0.495,0.5065,0.4856,0.5025,228949530.0
2024-04-19,0.5025,0.5108,0.4662,0.5029,424125850.0
2024-04-20,0.5029,0.53,0.498,0.5287,246924290.0
2024-04-21,0.5288,0.5368,0.518,0.5245,177745670.0
2024-04-22,0.5246,0.5715,0.5222,0.556,347908000.0
2024-04-23,0.556,0.5576,0.5415,0.5446,223877900.0
2024-04-24,0.5446,0.5519,0.5211,0.5275,270739160.0
2024-04-25,0.5275,0.5328,0.5135,0.5254,212142010.0
2024-04-26,0.5255,0.5359,0.5142,0.5261,190800930.0
2024-04-27,0.5261,0.5265,0.5067,0.518,145126260.0
2024-04-28,0.518,0.5253,0.5084,0.5103,88217490.0
2024-04-29,0.5103,0.5181,0.4985,0.5151,202094800.0
2024-04-30,0.5151,0.5198,0.4875,0.5007,256638950.0
2024-05-01,0.5007,0.5216,0.4781,0.5174,366239010.0
2024-05-02,0.5175,0.5247,0.5067,0.518,208772730.0
2024-05-03,0.518,0.5367,0.5144,0.5316,183794560.0
2024-05-04,0.5315,0.5409,0.5272,0.5301,100517410.0
2024-05-05,0.5301,0.5334,0.5237,0.5295,83948470.0
2024-05-06,0.5295,0.5702,0.5246,0.5401,462802960.0
2024-05-07,0.5401,0.5443,0.5216,0.5243,238453190.0
2024-05-08,0.5243,0.53,0.5152,0.5172,166241700.0
2024-05-09,0.5171,0.5236,0.5085,0.521,133440270.0
2024-05-10,0.5209,0.521,0.4965,0.5021,200759050.0
2024-05-11,0.5022,0.5078,0.5002,0.506,69658170.0
2024-05-12,0.5059,0.5088,0.4951,0.4994,63225530.0
2024-05-13,0.4994,0.5122,0.4864,0.5053,210123510.0
2024-05-14,0.5052,0.5132,0.4967,0.5002,171670730.0
2024-05-15,0.5002,0.5196,0.4957,0.519,144604860.0
2024-05-16,0.519,0.5226,0.5121,0.5157,151558270.0
2024-05-17,0.5158,0.5291,0.5132,0.5235,124803730.0
2024-05-18,0.5234,0.5257,0.5186,0.5211,53502330.0
2024-05-19,0.5211,0.5236,0.5054,0.5095,89686500.0
2024-05-20,0.5095,0.5381,0.5059,0.5379,188464690.0
2024-05-21,0.5378,0.5573,0.5319,0.5371,241700970.0
2024-05-22,0.5372,0.5381,0.5219,0.5269,176515930.0
2024-05-23,0.5269,0.5491,0.5001,0.5287,547035530.0
2024-05-24,0.5287,0.5377,0.5166,0.5359,191644920.0
2024-05-25,0.5361,0.5429,0.5328,0.5419,99898330.0
2024-05-26,0.5419,0.5421,0.5255,0.5283,84383880.0
2024-05-27,0.5284,0.5412,0.5235,0.534,156923550.0
2024-05-28,0.5341,0.5356,0.5209,0.5286,178897630.0
2024-05-29,0.5286,0.5332,0.5197,0.5238,170432430.0
2024-05-30,0.5237,0.5285,0.5126,0.5187,162204480.0
2024-05-31,0.5187,0.5261,0.5117,0.5175,144890660.0
2024-06-01,0.5176,0.522,0.5175,0.5187,52769330.0
2024-06-02,0.5187,0.521,0.5079,0.5136,108454210.0
2024-06-03,0.5136,0.5231,0.5117,0.5199,133299090.0
2024-06-04,0.5198,0.5304,0.518,0.5257,159390730.0
2024-06-05,0.5257,0.5327,0.5238,0.5259,136499230.0
2024-06-06,0.5259,0.5282,0.5159,0.5215,111797870.0
2024-06-07,0.5214,0.5285,0.45,0.499,573584540.0
2024-06-08,0.4989,0.5009,0.4897,0.4927,109847050.0
2024-06-09,0.4927,0.4992,0.4906,0.4985,69454010.0
2024-06-10,0.4986,0.5062,0.4931,0.4969,161015320.0
2024-06-11,0.4969,0.497,0.4691,0.4801,359041350.0
2024-06-12,0.4801,0.4981,0.4738,0.4915,260934700.0
2024-06-13,0.4916,0.4917,0.4754,0.4767,167681920.0
2024-06-14,0.4768,0.4814,0.4586,0.4746,222810460.0
2024-06-15,0.4746,0.5052,0.474,0.4907,144702140.0
2024-06-16,0.4907,0.4994,0.4877,0.489,113695350.0
2024-06-17,0.4891,0.522,0.484,0.5047,519964090.0
2024-06-18,0.5046,0.51,0.4675,0.4909,566110100.0
2024-06-19,0.491,0.4997,0.4869,0.4933,185755790.0
2024-06-20,0.4934,0.5025,0.4881,0.4887,206751400.0
2024-06-21,0.4886,0.4962,0.4794,0.489,202146010.0
2024-06-22,0.489,0.4898,0.4841,0.4865,58471870.0
2024-06-23,0.4866,0.4891,0.4743,0.4798,84923210.0
2024-06-24,0.4798,0.4825,0.4617,0.4741,297286440.0
2024-06-25,0.474,0.4802,0.473,0.4758,139645660.0
2024-06-26,0.4757,0.4783,0.465,0.4698,131512520.0
2024-06-27,0.4699,0.4771,0.4658,0.4752,106436140.0
2024-06-28,0.4752,0.4811,0.469,0.4716,160164250.0
2024-06-29,0.4715,0.4768,0.4714,0.4725,48319380.0
2024-06-30,0.4725,0.4782,0.47,0.476,72798580.0
2024-07-01,0.476,0.485,0.4754,0.4771,134706160.0
2024-07-02,0.477,0.4891,0.4759,0.4854,127628780.0
2024-07-03,0.4853,0.4869,0.4608,0.4671,223868780.0
2024-07-04,0.467,0.4696,0.4312,0.4328,327776430.0
2024-07-05,0.4328,0.4334,0.3804,0.425,636110600.0
2024-07-06,0.425,0.4498,0.4234,0.4489,119341190.0
2024-07-07,0.4489,0.449,0.4181,0.4195,122426120.0
2024-07-08,0.4195,0.4438,0.403,0.4316,340754770.0
2024-07-09,0.4316,0.4381,0.4269,0.4356,136811910.0
2024-07-10,0.4357,0.4426,0.4312,0.4387,144763950.0
2024-07-11,0.4387,0.4547,0.4362,0.4489,190357890.0
2024-07-12,0.4489,0.478,0.4441,0.4743,450909310.0
2024-07-13,0.4743,0.5662,0.4734,0.5257,1230995650.0
2024-07-14,0.5257,0.5399,0.5137,0.5203,505241460.0
2024-07-15,0.5204,0.5406,0.5199,0.5371,432174360.0
2024-07-16,0.5371,0.5948,0.5324,0.5794,945716480.0
2024-07-17,0.5793,0.6383,0.5782,0.6259,888801300.0
2024-07-18,0.6258,0.6369,0.5572,0.5695,752810710.0
2024-07-19,0.5695,0.5867,0.5403,0.5731,572503670.0
2024-07-20,0.5731,0.605,0.5706,0.5938,380165100.0
2024-07-21,0.5937,0.6079,0.5718,0.5985,374346680.0
2024-07-22,0.5985,0.6232,0.5852,0.6079,407743670.0
2024-07-23,0.6079,0.6169,0.5765,0.5975,405831920.0
2024-07-24,0.5975,0.6328,0.5914,0.618,423454450.0
2024-07-25,0.6181,0.6258,0.5845,0.5993,618458670.0
2024-07-26,0.5994,0.6093,0.5859,0.6034,316510370.0
2024-07-27,0.6034,0.6093,0.5832,0.5959,207800420.0
2024-07-28,0.5958,0.6145,0.5911,0.6013,183121780.0
2024-07-29,0.6012,0.6125,0.5917,0.6018,216419880.0
2024-07-30,0.6017,0.6383,0.595,0.6276,573825510.0
2024-07-31,0.6276,0.6585,0.6218,0.6232,794268140.0
2024-08-01,0.6233,0.6303,0.5676,0.5963,557032300.0
2024-08-02,0.5964,0.5969,0.5462,0.5605,470204020.0
2024-08-03,0.5606,0.5776,0.5402,0.5559,399997300.0
2024-08-04,0.5559,0.5593,0.5131,0.5228,317535920.0
2024-08-05,0.5227,0.5258,0.4316,0.489,1216360470.0
2024-08-06,0.4889,0.5188,0.4878,0.5059,371513580.0
2024-08-07,0.5059,0.6438,0.4922,0.6004,1067492420.0
2024-08-08,0.6003,0.6431,0.5785,0.6166,1160549090.0
2024-08-09,0.6167,0.6245,0.5677,0.5806,568548170.0
2024-08-10,0.5806,0.6025,0.5779,0.5839,261687900.0
2024-08-11,0.584,0.5935,0.5453,0.5529,276435990.0
2024-08-12,0.5528,0.5794,0.5501,0.5684,343340570.0
2024-08-13,0.5683,0.5835,0.5624,0.5767,282441550.0
2024-08-14,0.5767,0.5829,0.5638,0.5688,202917920.0
2024-08-15,0.5687,0.5742,0.5508,0.5608,260348620.0
2024-08-16,0.5608,0.5708,0.5534,0.5637,208564140.0
2024-08-17,0.5636,0.5709,0.561,0.5665,72729000.0
2024-08-18,0.5665,0.5841,0.5625,0.563,126118220.0
2024-08-19,0.563,0.6091,0.5608,0.5982,397225050.0
2024-08-20,0.5982,0.615,0.5875,0.5937,276460420.0
2024-08-21,0.5938,0.6056,0.5852,0.6001,250718890.0
2024-08-22,0.6001,0.6047,0.592,0.5977,155983440.0
2024-08-23,0.5977,0.6159,0.5907,0.6109,224490090.0
2024-08-24,0.611,0.6309,0.6045,0.6125,227503850.0
2024-08-25,0.6125,0.6142,0.595,0.5999,181775460.0
2024-08-26,0.5999,0.602,0.5781,0.5874,239346000.0
2024-08-27,0.5873,0.601,0.5523,0.5665,322692200.0
2024-08-28,0.5666,0.5844,0.5556,0.5693,233065280.0
2024-08-29,0.5693,0.5769,0.5572,0.5618,158116240.0
2024-08-30,0.5618,0.5678,0.5459,0.5666,172600950.0
2024-08-31,0.5666,0.5722,0.5623,0.5663,70716350.0
2024-09-01,0.5662,0.5667,0.5432,0.5471,118699490.0
2024-09-02,0.547,0.5688,0.544,0.5677,130980940.0
2024-09-03,0.5677,0.5725,0.5563,0.5573,129329990.0
2024-09-04,0.5573,0.5649,0.5323,0.558,221539530.0
2024-09-05,0.558,0.5598,0.5397,0.5444,125579820.0
2024-09-06,0.5444,0.5472,0.5024,0.5209,276843510.0
2024-09-07,0.521,0.5328,0.5197,0.5249,82417690.0
2024-09-08,0.5249,0.5316,0.5207,0.5295,66402640.0
2024-09-09,0.5294,0.543,0.5267,0.5394,115011440.0
2024-09-10,0.5394,0.5427,0.5337,0.5407,104175710.0
2024-09-11,0.5408,0.5413,0.5228,0.5347,126832920.0
2024-09-12,0.5348,0.5885,0.5334,0.5624,478569260.0
2024-09-13,0.5625,0.5746,0.5557,0.5726,224415530.0
2024-09-14,0.5725,0.5993,0.5704,0.5955,251728990.0
2024-09-15,0.5956,0.5957,0.5683,0.5706,183215440.0
2024-09-16,0.5707,0.5916,0.5596,0.5866,282736080.0
2024-09-17,0.5865,0.5934,0.5789,0.5837,182606730.0
2024-09-18,0.5838,0.5857,0.562,0.5854,195807390.0
2024-09-19,0.5854,0.5946,0.581,0.5869,252651200.0
2024-09-20,0.5869,0.5929,0.5763,0.5852,187599040.0
2024-09-21,0.5852,0.6132,0.5799,0.5976,206379840.0
2024-09-22,0.5977,0.6057,0.5776,0.587,178807440.0
2024-09-23,0.5871,0.5958,0.5785,0.5847,154421140.0
2024-09-24,0.5847,0.5928,0.5813,0.591,144956440.0
2024-09-25,0.5911,0.5957,0.5824,0.583,115969880.0
2024-09-26,0.5831,0.5965,0.5738,0.5905,159882070.0
2024-09-27,0.5906,0.5972,0.5825,0.5889,170064760.0
2024-09-28,0.5888,0.6261,0.5853,0.6138,495341480.0
2024-09-29,0.6138,0.6648,0.6076,0.6411,541885540.0
2024-09-30,0.6412,0.655,0.6087,0.6114,477554470.0
2024-10-01,0.6115,0.6344,0.5772,0.5968,801355190.0
2024-10-02,0.5967,0.6069,0.527,0.5382,579423560.0
2024-10-03,0.5382,0.5445,0.5069,0.5216,525530450.0
2024-10-04,0.5216,0.5389,0.5147,0.5339,261246830.0
2024-10-05,0.5339,0.5352,0.5257,0.5293,122708370.0
2024-10-06,0.5294,0.5374,0.5279,0.5337,82631680.0
2024-10-07,0.5337,0.546,0.5283,0.5286,187520350.0
2024-10-08,0.5285,0.537,0.5205,0.5311,117797170.0
2024-10-09,0.5311,0.535,0.5209,0.5244,128053040.0
2024-10-10,0.5244,0.5449,0.5226,0.5304,249745250.0
2024-10-11,0.5305,0.5418,0.5296,0.5388,133376070.0
2024-10-12,0.5387,0.5432,0.5351,0.5394,76749300.0
2024-10-13,0.5393,0.5396,0.5251,0.5318,113016110.0
2024-10-14,0.5318,0.5525,0.5282,0.5484,187333240.0
2024-10-15,0.5484,0.5556,0.5312,0.5417,257954790.0
2024-10-16,0.5416,0.5538,0.5372,0.548,178045980.0
2024-10-17,0.5481,0.5666,0.5417,0.5442,275276980.0
2024-10-18,0.5442,0.5531,0.5395,0.5467,163586940.0
2024-10-19,0.5466,0.5501,0.5405,0.544,84772920.0
2024-10-20,0.5441,0.5489,0.5357,0.5483,98078390.0
2024-10-21,0.5483,0.561,0.5409,0.5448,234613230.0
2024-10-22,0.5449,0.5495,0.5289,0.5338,217120050.0
2024-10-23,0.5338,0.5341,0.5115,0.5258,157681280.0
2024-10-24,0.5258,0.5339,0.524,0.5322,99473630.0
2024-10-25,0.5321,0.5323,0.4855,0.5019,249990920.0
2024-10-26,0.502,0.5153,0.4987,0.5134,107020660.0
2024-10-27,0.5135,0.518,0.5107,0.5169,68833060.0
2024-10-28,0.5169,0.5217,0.5112,0.5194,149525980.0
2024-10-29,0.5195,0.5312,0.5184,0.5287,191474960.0
2024-10-30,0.5287,0.5287,0.5193,0.5229,132225820.0
2024-10-31,0.5229,0.5238,0.5031,0.5095,203602030.0
2024-11-01,0.5095,0.5245,0.5024,0.5129,332777420.0
2024-11-02,0.5129,0.516,0.5062,0.5103,80981730.0
2024-11-03,0.5102,0.511,0.4915,0.5029,185390900.0
2024-11-04,0.5029,0.5146,0.4955,0.5033,207142080.0
2024-11-05,0.5033,0.519,0.5018,0.514,161252140.0
2024-11-06,0.5141,0.5471,0.514,0.542,356329410.0
2024-11-07,0.5419,0.5785,0.5379,0.5556,313278780.0
2024-11-08,0.5557,0.5603,0.5411,0.5537,186811600.0
2024-11-09,0.5538,0.5622,0.5435,0.5594,194266300.0
2024-11-10,0.5594,0.619,0.5557,0.5885,576226140.0
2024-11-11,0.5886,0.6338,0.5704,0.6215,634053350.0
2024-11-12,0.6215,0.7397,0.5966,0.7044,1810237750.0
2024-11-13,0.7043,0.7484,0.6405,0.6896,1145477770.0
2024-11-14,0.6897,0.8469,0.6826,0.7735,1244894910.0
2024-11-15,0.7735,0.9276,0.7702,0.8919,1657201110.0
2024-11-16,0.892,1.27,0.8777,1.1212,2814881210.0
2024-11-17,1.1213,1.1605,1.0036,1.0544,1429814270.0
2024-11-18,1.0544,1.1874,1.0544,1.1143,1220155610.0
2024-11-19,1.1142,1.1486,1.0685,1.1003,670141070.0
2024-11-20,1.1004,1.151,1.0559,1.1042,726134830.0
2024-11-21,1.1043,1.2644,1.0775,1.2474,1062188710.0
2024-11-22,1.2472,1.5017,1.247,1.4727,2207712840.0
2024-11-23,1.4726,1.6342,1.4127,1.469,1271047440.0
2024-11-24,1.4691,1.5134,1.2768,1.4329,1115100960.0
2024-11-25,1.4331,1.5399,1.3547,1.414,1214602080.0
2024-11-26,1.414,1.4588,1.2842,1.3989,1052110920.0
2024-11-27,1.3989,1.5226,1.3521,1.4702,733152270.0
2024-11-28,1.4701,1.5515,1.4301,1.5427,538096460.0
2024-11-29,1.5426,1.8154,1.5236,1.8007,1233699240.0
2024-11-30,1.8008,1.9579,1.7647,1.9521,1318077980.0
2024-12-01,1.9521,2.373,1.848,2.2943,1483558020.0
2024-12-02,2.2942,2.8742,2.2151,2.7234,3516412190.0
2024-12-03,2.7233,2.91,2.28,2.5131,2660360850.0
2024-12-04,2.5131,2.6831,2.2823,2.359,1196623260.0
2024-12-05,2.3588,2.4942,2.1772,2.2446,1192704610.0
2024-12-06,2.2449,2.4647,2.2258,2.4258,699403690.0
2024-12-07,2.4259,2.6211,2.3847,2.6098,566794320.0
2024-12-08,2.6098,2.6486,2.4855,2.6018,565275410.0
2024-12-09,2.6021,2.6082,1.9747,2.2119,1387714770.0
2024-12-10,2.2122,2.4159,1.8984,2.3701,1503099190.0
2024-12-11,2.3699,2.472,2.2309,2.3949,782345640.0
2024-12-12,2.395,2.4854,2.3088,2.3384,612630970.0
2024-12-13,2.3385,2.48,2.2841,2.4223,453704770.0
2024-12-14,2.4222,2.5316,2.3546,2.4007,425224660.0
2024-12-15,2.4006,2.4738,2.3661,2.4476,323486620.0
2024-12-16,2.4478,2.5874,2.33,2.4846,631870050.0
2024-12-17,2.4846,2.728,2.4401,2.5664,900379160.0
2024-12-18,2.5664,2.5953,2.233,2.3096,881269750.0
2024-12-19,2.3098,2.4323,2.1601,2.2393,895600020.0
2024-12-20,2.2394,2.3554,1.9602,2.2798,1040339360.0
2024-12-21,2.2798,2.3896,2.1915,2.2384,432924050.0
2024-12-22,2.2385,2.2946,2.1602,2.2035,319873100.0
2024-12-23,2.2036,2.2794,2.13,2.2613,430140050.0
2024-12-24,2.2614,2.3522,2.2133,2.324,294338080.0
2024-12-25,2.3239,2.3334,2.2615,2.2975,175032200.0
2024-12-26,2.2976,2.3173,2.127,2.1558,321346570.0
2024-12-27,2.1557,2.2378,2.1146,2.1463,252420540.0
2024-12-28,2.1463,2.2086,2.1335,2.1847,123346720.0
2024-12-29,2.1848,2.1981,2.0701,2.0938,151376980.0
2024-12-30,2.0938,2.1523,1.9959,2.0588,411836150.0
2024-12-31,2.0587,2.1496,2.0127,2.0839,268271520.0
2025-01-01,2.0839,2.3564,2.0815,2.3329,460885580.0
2025-01-02,2.333,2.4526,2.3301,2.4032,504088450.0
2025-01-03,2.4032,2.4816,2.3974,2.4543,366126080.0
2025-01-04,2.4543,2.5144,2.3994,2.4198,246178020.0
2025-01-05,2.4198,2.4278,2.3271,2.3989,234163530.0
2025-01-06,2.3989,2.4591,2.3666,2.4201,227195160.0
2025-01-07,2.4202,2.4692,2.257,2.2707,442517160.0
2025-01-08,2.2708,2.3999,2.1991,2.3732,559446100.0
2025-01-09,2.3732,2.3963,2.2345,2.2721,375151050.0
2025-01-10,2.272,2.3703,2.2459,2.3415,286782710.0
2025-01-11,2.3415,2.6047,2.3244,2.577,449249890.0
2025-01-12,2.577,2.5845,2.4708,2.5045,369360560.0
2025-01-13,2.5045,2.5645,2.3306,2.5238,697959620.0
2025-01-14,2.5238,2.7037,2.5131,2.6675,409196470.0
2025-01-15,2.6673,3.2012,2.6501,3.1433,1100952410.0
2025-01-16,3.1436,3.4049,2.9222,3.2445,1342064670.0
2025-01-17,3.2442,3.3536,3.1723,3.2929,653335680.0
2025-01-18,3.293,3.2993,3.0558,3.2709,489259910.0
2025-01-19,3.2709,3.2945,2.8254,2.9565,655640320.0
2025-01-20,2.9561,3.3739,2.9061,3.1051,896226670.0
2025-01-21,3.1052,3.2412,3.0144,3.1742,326494320.0
2025-01-22,3.1743,3.2907,3.1269,3.1795,298429341.0
2025-01-23,3.1795,3.1843,3.038,3.1193,267000039.0
2025-01-24,3.1195,3.204,3.0547,3.1005,187786559.0
2025-01-25,3.1002,3.1452,3.0771,3.1082,91072693.0
2025-01-26,3.1082,3.146,3.009,3.0215,119861182.0
2025-01-27,3.0216,3.06,2.6508,3.0541,580774796.0
2025-01-28,3.0545,3.2149,3.0067,3.0569,342051158.0
2025-01-29,3.0569,3.1366,2.9666,3.0683,246708789.0
2025-01-30,3.0681,3.1553,3.0465,3.1283,114771176.0
2025-01-31,3.1283,3.1337,3.0017,3.0362,118943349.0
2025-02-01,3.0362,3.0726,2.8286,2.8773,141620030.0
2025-02-02,2.8775,2.9548,2.4485,2.5795,617666320.0
2025-02-03,2.58,2.7813,1.782,2.6999,1837097293.0
2025-02-04,2.6999,2.7874,2.4211,2.5263,559659114.0
2025-02-05,2.5263,2.5695,2.3404,2.3812,290402263.0
2025-02-06,2.3813,2.4708,2.2764,2.3249,361321969.0
2025-02-07,2.3249,2.5405,2.263,2.3963,518425603.0
2025-02-08,2.3963,2.4383,2.3504,2.4191,190274650.0
2025-02-09,2.419,2.5083,2.3106,2.3922,232136007.0
2025-02-10,2.3922,2.4731,2.3235,2.4237,223668054.0
2025-02-11,2.4237,2.5297,2.3713,2.4132,232074980.0
2025-02-12,2.4131,2.4966,2.3314,2.4734,245494570.0
2025-02-13,2.4735,2.6054,2.415,2.5595,204244181.0
2025-02-14,2.5595,2.8383,2.5301,2.7385,476246016.0
2025-02-15,2.7386,2.8346,2.7144,2.7616,213738994.0
2025-02-16,2.7616,2.807,2.6883,2.7283,173654208.0
2025-02-17,2.7284,2.7654,2.607,2.6602,245582586.0
2025-02-18,2.6601,2.67,2.47,2.5626,321789790.0
2025-02-19,2.5628,2.7468,2.5118,2.737,274101725.0
2025-02-20,2.737,2.7481,2.6659,2.6877,204938104.0
2025-02-21,2.6878,2.7156,2.504,2.5708,370582738.0
2025-02-22,2.5708,2.61,2.5494,2.5739,108815221.0
2025-02-23,2.574,2.6042,2.5193,2.5758,132107512.0
2025-02-24,2.5757,2.6113,2.232,2.278,491854673.0
2025-02-25,2.278,2.3666,2.0635,2.3219,850302934.0
2025-02-26,2.322,2.3315,2.15,2.1983,468595231.0
2025-02-27,2.1982,2.2576,2.1459,2.1984,254725942.0
2025-02-28,2.1985,2.2017,1.9515,2.1457,549883109.0
2025-03-01,2.1458,2.2195,2.1208,2.1912,198502715.0
2025-03-02,2.1913,3.0096,2.1738,2.9389,1278443378.0
2025-03-03,2.9389,2.968,2.2979,2.3864,963134043.0
2025-03-04,2.3865,2.5392,2.2121,2.4544,730498832.0
2025-03-05,2.4543,2.5414,2.408,2.4998,276253872.0
2025-03-06,2.4998,2.6465,2.4693,2.6,354398111.0
2025-03-07,2.5999,2.6218,2.3421,2.3851,591515549.0
2025-03-08,2.3851,2.4099,2.3018,2.3254,182277104.0
2025-03-09,2.3255,2.351,2.0826,2.1384,388755298.0
2025-03-10,2.1385,2.261,1.992,2.0215,524009550.0
2025-03-11,2.0215,2.2136,1.898,2.1711,521993124.0
2025-03-12,2.171,2.277,2.1322,2.2398,390212960.0
2025-03-13,2.2398,2.3472,2.2129,2.2522,302264173.0
2025-03-14,2.2523,2.3891,2.2357,2.3565,250633257.0
2025-03-15,2.3565,2.4761,2.3521,2.3912,232422913.0
2025-03-16,2.3912,2.4109,2.2668,2.2941,276666082.0
2025-03-17,2.294,2.3788,2.2916,2.3378,209458313.0
2025-03-18,2.3377,2.3395,2.2217,2.2848,247530894.0
2025-03-19,2.2847,2.589,2.2651,2.5473,712103227.0
2025-03-20,2.5473,2.5637,2.386,2.4356,355028052.0
2025-03-21,2.4357,2.467,2.356,2.3804,267769649.0
2025-03-22,2.3804,2.4166,2.3584,2.3709,116611530.0
2025-03-23,2.3708,2.4412,2.3653,2.4387,127603215.0
2025-03-24,2.4387,2.5046,2.4133,2.4496,196835207.0
2025-03-25,2.4495,2.4788,2.4067,2.4494,175637434.0
2025-03-26,2.4493,2.482,2.3269,2.3488,211449626.0
2025-03-27,2.3487,2.3895,2.3004,2.341,192905285.0
2025-03-28,2.341,2.3438,2.1529,2.2066,320108313.0
2025-03-29,2.2065,2.2248,2.0604,2.1345,385110637.0
2025-03-30,2.1347,2.2137,2.107,2.1367,297888407.0
2025-03-31,2.1368,2.1422,2.0234,2.0898,447701498.0
2025-04-01,2.0898,2.2,2.0645,2.1386,397221631.0
2025-04-02,2.1386,2.2355,1.984,2.0221,559488996.0
2025-04-03,2.0221,2.0817,1.9587,2.0643,439309976.0
2025-04-04,2.0644,2.166,2.0158,2.1305,490222420.0
2025-04-05,2.1305,2.1769,2.1139,2.1449,159636566.0
2025-04-06,2.1448,2.1598,1.8627,1.9213,468265572.0
2025-04-07,1.9213,2.0059,1.6136,1.8988,1416884598.0
2025-04-08,1.8987,1.9755,1.7772,1.7965,646503336.0
2025-04-09,1.7967,2.0906,1.7217,2.0531,896999983.0
2025-04-10,2.0531,2.0573,1.9221,1.9656,426555073.0
2025-04-11,1.9656,2.065,1.9474,2.0227,282465160.0
2025-04-12,2.0227,2.1862,2.0035,2.1598,279381044.0
2025-04-13,2.1599,2.2472,2.081,2.1193,377142714.0
2025-04-14,2.1193,2.1809,2.1034,2.1274,251044153.0
2025-04-15,2.1272,2.1868,2.084,2.0844,203660831.0
2025-04-16,2.0844,2.1293,2.0357,2.0837,263321714.0
2025-04-17,2.0837,2.115,2.0519,2.0671,199349103.0
2025-04-18,2.0671,2.0906,2.0431,2.0616,162862881.0
2025-04-19,2.0616,2.0979,2.0585,2.0878,117232748.0
2025-04-20,2.0878,2.0949,2.0378,2.0786,144534140.0
2025-04-21,2.0787,2.1426,2.0592,2.0856,188127186.0
2025-04-22,2.0856,2.2513,2.0629,2.2144,294290490.0
2025-04-23,2.2145,2.3013,2.1849,2.2184,347751522.0
2025-04-24,2.2184,2.2354,2.1143,2.2046,307805481.0
2025-04-25,2.2046,2.2198,2.1618,2.1804,225202177.0
2025-04-26,2.1804,2.2479,2.1788,2.1903,154670066.0
2025-04-27,2.1903,2.2946,2.1576,2.2514,269901730.0
2025-04-28,2.2514,2.363,2.217,2.2942,334226428.0
2025-04-29,2.2942,2.314,2.2202,2.2364,179341472.0
2025-04-30,2.2364,2.2576,2.1208,2.1898,229799422.0
2025-05-01,2.1898,2.2559,2.1858,2.211,134735573.0
2025-05-02,2.211,2.2408,2.1892,2.2081,140734116.0
2025-05-03,2.2081,2.2191,2.1734,2.186,94582604.0
2025-05-04,2.186,2.2183,2.1491,2.1548,116788331.0
2025-05-05,2.1547,2.199,2.105,2.1294,180981862.0
2025-05-06,2.1293,2.1585,2.0762,2.1537,173387939.0
2025-05-07,2.1538,2.1708,2.1027,2.1254,136670016.0
2025-05-08,2.1255,2.3301,2.1167,2.3271,281891021.0
2025-05-09,2.3271,2.4311,2.2818,2.3438,355652756.0
2025-05-10,2.3438,2.4777,2.3351,2.4716,239903444.0
2025-05-11,2.4715,2.4853,2.3268,2.3663,247754432.0
2025-05-12,2.3663,2.656,2.3505,2.5438,733962705.0
2025-05-13,2.5438,2.6048,2.4204,2.5821,437704253.0
2025-05-14,2.582,2.6522,2.5186,2.5498,320540071.0
2025-05-15,2.5498,2.5709,2.3516,2.3838,329331279.0
2025-05-16,2.3838,2.4384,2.345,2.3786,216671550.0
2025-05-17,2.3784,2.3877,2.2956,2.3521,178003227.0
2025-05-18,2.3521,2.4487,2.3289,2.4268,183522390.0
2025-05-19,2.4268,2.4399,2.281,2.3794,207849239.0
2025-05-20,2.3794,2.4083,2.3125,2.3549,155839567.0
2025-05-21,2.3549,2.428,2.3294,2.3946,213592537.0
2025-05-22,2.3946,2.4548,2.3841,2.4298,170119219.0
2025-05-23,2.4299,2.4794,2.2821,2.2952,245659767.0
2025-05-24,2.2952,2.3588,2.2842,2.3295,80091118.0
2025-05-25,2.3296,2.3452,2.2641,2.3404,123070294.0
2025-05-26,2.3404,2.3574,2.2946,2.3091,96618237.0
2025-05-27,2.3091,2.3537,2.2648,2.3157,131729221.0
2025-05-28,2.3157,2.3225,2.2247,2.2731,143232418.0
2025-05-29,2.273,2.312,2.2358,2.2428,169371465.0
2025-05-30,2.2427,2.251,2.1266,2.1382,261175329.0
2025-05-31,2.1381,2.2056,2.0772,2.1729,144861017.0
2025-06-01,2.173,2.1867,2.1203,2.1779,101577917.0
2025-06-02,2.178,2.2039,2.133,2.1958,123996526.0
2025-06-03,2.1959,2.2809,2.1825,2.2433,141362378.0
2025-06-04,2.2432,2.2648,2.194,2.1998,119605294.0
2025-06-05,2.1998,2.2255,2.0573,2.0922,215418714.0
2025-06-06,2.0922,2.1894,2.0793,2.1586,132765380.0
2025-06-07,2.1585,2.1913,2.1459,2.1757,63101270.0
2025-06-08,2.1757,2.2946,2.1655,2.2661,170839980.0
2025-06-09,2.266,2.3286,2.2215,2.32,192488421.0
2025-06-10,2.3199,2.3272,2.2562,2.3065,168419371.0
2025-06-11,2.3065,2.3375,2.2508,2.2689,183127733.0
2025-06-12,2.269,2.2723,2.1692,2.1889,147716547.0
2025-06-13,2.1889,2.1905,2.0812,2.1464,222177547.0
2025-06-14,2.1463,2.1782,2.108,2.138,136415544.0
2025-06-15,2.1381,2.1748,2.1361,2.1645,77942181.0
2025-06-16,2.1644,2.3362,2.15,2.2368,306982413.0
2025-06-17,2.2369,2.2564,2.1407,2.1581,255163054.0
2025-06-18,2.158,2.1794,2.1165,2.1698,178918202.0
2025-06-19,2.1698,2.1846,2.1427,2.1635,86957133.0
2025-06-20,2.1636,2.1785,2.0834,2.1185,173108246.0
2025-06-21,2.1186,2.1442,1.9904,2.0618,172447861.0
2025-06-22,2.062,2.0887,1.907,2.0158,336026006.0
2025-06-23,2.0157,2.1693,1.9605,2.1572,297650519.0
2025-06-24,2.1572,2.2159,2.1305,2.1886,192748562.0
2025-06-25,2.1886,2.2286,2.1683,2.1845,138989298.0
2025-06-26,2.1846,2.2127,2.0945,2.1047,182307509.0
2025-06-27,2.1047,2.1536,2.066,2.1407,166332113.0
2025-06-28,2.1407,2.2071,2.1324,2.1842,144035630.0
2025-06-29,2.1843,2.2192,2.1733,2.2054,83168961.0
2025-06-30,2.2054,2.3266,2.1621,2.2354,235426691.0
2025-07-01,2.2353,2.2529,2.1449,2.1707,206593428.0
2025-07-02,2.1706,2.2913,2.1559,2.2326,227731232.0
2025-07-03,2.2327,2.3128,2.2236,2.2561,196019952.0
2025-07-04,2.2561,2.2668,2.1937,2.2193,126499991.0
2025-07-05,2.2193,2.2323,2.2,2.2163,64760344.0
2025-07-06,2.2163,2.2895,2.2074,2.27,148965306.0
2025-07-07,2.27,2.3532,2.254,2.2695,297302080.0
2025-07-08,2.2695,2.3217,2.2467,2.3097,208005601.0
2025-07-09,2.3097,2.427,2.2967,2.4029,316247429.0
2025-07-10,2.4029,2.5669,2.3921,2.5464,321172987.0
2025-07-11,2.5464,2.9793,2.511,2.7337,1043035413.0
2025-07-12,2.7336,2.8493,2.6639,2.7392,537376780.0
2025-07-13,2.7392,2.8941,2.7237,2.8355,425889464.0
2025-07-14,2.8356,3.038,2.8205,2.9596,776408701.0
2025-07-15,2.9596,2.9597,2.8047,2.922,564918687.0
2025-07-16,2.9219,3.1044,2.8793,3.0406,418973960.0
2025-07-17,3.0405,3.5557,2.989,3.4846,1045215630.0
2025-07-18,3.4846,3.6646,3.3467,3.4147,993109545.0
2025-07-19,3.4148,3.4874,3.3552,3.426,298146537.0
2025-07-20,3.426,3.5617,3.3873,3.4548,406631963.0
2025-07-21,3.4548,3.6581,3.4067,3.5512,479818753.0
2025-07-22,3.5512,3.583,3.4243,3.5535,374387147.0
2025-07-23,3.5535,3.5549,3.0488,3.1848,679797362.0
2025-07-24,3.1849,3.2658,2.9568,3.1455,600832993.0
2025-07-25,3.1456,3.1624,2.9976,3.1421,405529356.0
2025-07-26,3.1421,3.218,3.1086,3.1652,173015572.0
2025-07-27,3.1652,3.2512,3.1553,3.2392,233707792.0
2025-07-28,3.2392,3.3306,3.1054,3.1222,365623380.0
2025-07-29,3.1222,3.1839,3.0518,3.1269,272017515.0
2025-07-30,3.127,3.162,2.9994,3.0958,291486235.0
2025-07-31,3.0958,3.179,3.0087,3.0203,232201821.0
2025-08-01,3.0202,3.0582,2.8903,2.9602,438077482.0
2025-08-02,2.9603,3.0201,2.7344,2.7681,296013287.0
2025-08-03,2.7681,2.9609,2.7257,2.9464,222946817.0
2025-08-04,2.9465,3.0883,2.9286,3.0703,280536307.0
2025-08-05,3.0703,3.1058,2.9152,2.9605,258059125.0
2025-08-06,2.9605,3.0178,2.9008,2.9899,177976498.0
2025-08-07,2.9899,3.332,2.9614,3.318,344565297.0
2025-08-08,3.3178,3.3809,3.2044,3.2855,471279834.0
2025-08-09,3.2855,3.3482,3.2066,3.2236,287917239.0
2025-08-10,3.2236,3.2776,3.1516,3.1861,235784253.0
2025-08-11,3.186,3.3332,3.1153,3.1282,373256551.0
2025-08-12,3.1282,3.3063,3.1033,3.2672,246837828.0
2025-08-13,3.2673,3.3373,3.2024,3.2754,317886600.0
2025-08-14,3.2755,3.3537,2.9748,3.0779,486544938.0
2025-08-15,3.078,3.1417,3.0,3.0768,236365591.0
2025-08-16,3.0767,3.155,3.0702,3.1036,122950604.0
2025-08-17,3.1037,3.146,3.0729,3.0857,119538872.0
2025-08-18,3.0856,3.0957,2.9392,3.0604,245848089.0
2025-08-19,3.0604,3.0797,2.8469,2.8595,258499299.0
2025-08-20,2.8595,2.9878,2.8172,2.95,249626045.0
2025-08-21,2.95,2.9576,2.841,2.8506,174843985.0
2025-08-22,2.8506,3.1054,2.7814,3.0743,404781331.0
2025-08-23,3.0744,3.075,2.969,3.0478,174128944.0
2025-08-24,3.0478,3.1276,2.987,3.0254,236961195.0
2025-08-25,3.0254,3.0536,2.8206,2.857,256686309.0
2025-08-26,2.857,3.0813,2.8438,3.0111,215349568.0
2025-08-27,3.0111,3.0442,2.9599,2.9676,183215035.0
2025-08-28,2.9676,3.025,2.9422,2.9654,128450431.0
2025-08-29,2.9654,2.9761,2.7715,2.8182,269187677.0
2025-08-30,2.8181,2.8335,2.7588,2.8171,109512966.0
2025-08-31,2.8171,2.8671,2.7689,2.7745,92961871.0
2025-09-01,2.7745,2.8381,2.6905,2.7575,278768139.0
2025-09-02,2.7575,2.8629,2.7469,2.8608,183091725.0
2025-09-03,2.8608,2.8854,2.8096,2.8428,142299539.0
2025-09-04,2.8428,2.8607,2.7828,2.7935,114060513.0
2025-09-05,2.7935,2.8843,2.7763,2.8131,168026138.0
2025-09-06,2.8131,2.8273,2.7916,2.8083,59917307.0
2025-09-07,2.8084,2.9276,2.8078,2.8754,119280782.0
2025-09-08,2.8754,2.9957,2.8611,2.9689,151483207.0
2025-09-09,2.969,3.0362,2.9332,2.9461,168720442.0
2025-09-10,2.9461,3.0236,2.9346,2.9825,120458042.0
2025-09-11,2.9825,3.0488,2.9488,3.039,165447739.0
2025-09-12,3.0391,3.1382,3.0166,3.1052,181287457.0
2025-09-13,3.1052,3.1863,3.0894,3.1195,170395872.0
2025-09-14,3.1194,3.1268,3.0103,3.0279,149695766.0
2025-09-15,3.0278,3.0668,2.9529,2.9965,193931028.0
2025-09-16,2.9966,3.058,2.9631,3.0362,139820106.0
2025-09-17,3.0361,3.1071,2.9804,3.0831,193753930.0
2025-09-18,3.0832,3.1392,3.055,3.072,138893878.0
2025-09-19,3.072,3.0928,2.977,2.989,141978738.0
2025-09-20,2.9889,3.0083,2.9639,2.9737,66418609.0
2025-09-21,2.9737,3.0123,2.9512,2.9687,73208555.0
2025-09-22,2.9686,2.9742,2.6665,2.8508,378674000.0
2025-09-23,2.8509,2.8955,2.7979,2.8234,145538816.0
2025-09-24,2.8233,2.9943,2.7869,2.9246,179750584.0
2025-09-25,2.9246,2.944,2.7229,2.7417,313803142.0
2025-09-26,2.7416,2.808,2.6966,2.7824,221150744.0
2025-09-27,2.7825,2.8272,2.7605,2.8033,68996166.0
2025-09-28,2.8033,2.8664,2.7643,2.8664,89982883.0
2025-09-29,2.8664,2.9275,2.844,2.8789,144470754.0
2025-09-30,2.8788,2.9062,2.8111,2.8455,126806851.0
2025-10-01,2.8454,2.961,2.813,2.9477,158542248.0
2025-10-02,2.9477,3.1002,2.9395,3.0373,203452057.0
2025-10-03,3.0373,3.094,3.003,3.0394,184532586.0
2025-10-04,3.0394,3.0512,2.938,2.9674,110793332.0
2025-10-05,2.9674,3.0712,2.9449,2.9676,146386299.0
2025-10-06,2.9676,3.05,2.9534,2.9878,139582660.0
2025-10-07,2.9878,3.001,2.8471,2.8508,219472001.0
2025-10-08,2.8508,2.9232,2.8286,2.8783,130919733.0
2025-10-09,2.8783,2.8789,2.7701,2.8012,165942801.0
2025-10-10,2.8012,2.8359,1.1573,2.375,985618425.0
2025-10-11,2.3749,2.5037,2.2948,2.3809,465557155.0
2025-10-12,2.381,2.5822,2.3103,2.5271,392880999.0
2025-10-13,2.5272,2.6451,2.5108,2.6042,335203612.0
2025-10-14,2.6042,2.62,2.3877,2.5021,338016193.0
2025-10-15,2.502,2.5477,2.3739,2.4098,210097770.0
2025-10-16,2.4098,2.4653,2.2823,2.3269,290452544.0
2025-10-17,2.3269,2.4003,2.1883,2.2927,288715735.0
2025-10-18,2.2927,2.3908,2.2884,2.3584,112225228.0
2025-10-19,2.3584,2.4185,2.3162,2.3892,150793637.0
2025-10-20,2.3892,2.552,2.3533,2.4934,187088561.0
2025-10-21,2.4934,2.5309,2.3988,2.4209,231403900.0
2025-10-22,2.4209,2.4363,2.3231,2.3633,198119179.0
2025-10-23,2.3634,2.4252,2.3605,2.3936,112964328.0
2025-10-24,2.3937,2.515,2.3854,2.5096,161162640.0
2025-10-25,2.5095,2.6528,2.5016,2.5943,149462954.0
2025-10-26,2.5943,2.6627,2.5905,2.645,165894415.0
2025-10-27,2.6451,2.6975,2.5989,2.6326,202775928.0
2025-10-28,2.6327,2.6879,2.5661,2.6025,204686395.0
2025-10-29,2.6025,2.6631,2.5352,2.5488,218203507.0
2025-10-30,2.5487,2.5927,2.3756,2.4377,272699140.0
2025-10-31,2.4378,2.5535,2.4325,2.5081,184136152.0
2025-11-01,2.5081,2.5219,2.4749,2.5039,66954270.0
2025-11-02,2.5039,2.5538,2.4764,2.5255,92519855.0
2025-11-03,2.5255,2.5313,2.2623,2.3079,274483213.0
2025-11-04,2.3079,2.3642,2.0653,2.2038,343990825.0
2025-11-05,2.2039,2.3758,2.1006,2.3417,233081199.0
2025-11-06,2.3415,2.415,2.1778,2.2118,235110771.0
2025-11-07,2.2119,2.3715,2.153,2.3146,222458730.0
2025-11-08,2.3146,2.3371,2.2393,2.2854,109802638.0
2025-11-09,2.2854,2.3936,2.2374,2.3647,115107353.0
2025-11-10,2.3647,2.5814,2.3449,2.5246,266001733.0
2025-11-11,2.5247,2.5686,2.378,2.39,180326748.0
2025-11-12,2.3901,2.4479,2.3146,2.3865,175021677.0
2025-11-13,2.3865,2.5252,2.2754,2.3209,335388259.0
2025-11-14,2.3209,2.3401,2.2236,2.2431,279720617.0
2025-11-15,2.243,2.302,2.2098,2.236,117259990.0
2025-11-16,2.236,2.2788,2.1538,2.2137,171300168.0
2025-11-17,2.2137,2.306,2.1132,2.1625,242099261.0
2025-11-18,2.1625,2.2403,2.1053,2.2161,204905858.0
2025-11-19,2.2161,2.2189,2.0256,2.1087,232891446.0
2025-11-20,2.1086,2.1488,1.9738,1.999,252799817.0
2025-11-21,1.9989,2.0295,1.8197,1.9499,429502142.0
2025-11-22,1.95,1.9665,1.8875,1.9494,126674811.0
2025-11-23,1.9493,2.0833,1.9481,2.048,176302852.0
2025-11-24,2.048,2.2847,2.0223,2.2268,317261444.0
2025-11-25,2.2269,2.2637,2.1472,2.201,228499939.0
2025-11-26,2.2009,2.2537,2.1433,2.2218,152637134.0
2025-11-27,2.2218,2.2331,2.1714,2.1989,97733351.0
2025-11-28,2.1989,2.2746,2.1547,2.1779,193604457.0
2025-11-29,2.178,2.2222,2.1651,2.1997,91304742.0
2025-11-30,2.1997,2.2139,2.1477,2.1533,89930611.0
2025-12-01,2.1533,2.1594,1.982,2.0284,304199077.0
2025-12-02,2.0285,2.1823,1.9938,2.1523,212456245.0
2025-12-03,2.1523,2.2185,2.1404,2.1963,159099926.0
2025-12-04,2.1964,2.214,2.0682,2.0948,165005831.0
2025-12-05,2.0949,2.1117,2.0104,2.0333,163755246.0
2025-12-06,2.0333,2.0495,2.0143,2.03,60277380.0
2025-12-07,2.03,2.1102,1.9873,2.0427,144611887.0
2025-12-08,2.0427,2.123,2.0305,2.071,130151486.0
2025-12-09,2.071,2.1778,2.0407,2.1051,183882878.0
2025-12-10,2.1052,2.1095,2.0328,2.0404,161913237.0
2025-12-11,2.0404,2.0559,1.9763,2.0333,170813775.0
2025-12-12,2.0332,2.0468,1.967,2.0062,141835113.0
2025-12-13,2.0063,2.0476,2.0056,2.0213,81406898.0
2025-12-14,2.0214,2.029,1.9513,1.9772,87428708.0
2025-12-15,1.9771,2.0128,1.8679,1.8967,171858926.0
2025-12-16,1.8968,1.9477,1.8511,1.9285,169621957.0
2025-12-17,1.9284,1.9865,1.8464,1.8614,217321830.0
2025-12-18,1.8615,1.933,1.7978,1.8066,223834856.0
2025-12-19,1.8067,1.9199,1.7708,1.9078,214128470.0
2025-12-20,1.9079,1.9575,1.8925,1.9323,90161359.0
2025-12-21,1.9324,1.949,1.8939,1.921,90986380.0
2025-12-22,1.9211,1.9486,1.8903,1.9031,112889685.0
2025-12-23,1.903,1.909,1.86,1.8722,108528735.0
2025-12-24,1.8722,1.8772,1.836,1.8618,89885875.0
2025-12-25,1.8617,1.8881,1.8267,1.8314,72712933.0
2025-12-26,1.8313,1.8824,1.8234,1.8426,129692029.0
2025-12-27,1.8426,1.8784,1.8408,1.8728,61599688.0
2025-12-28,1.8727,1.8785,1.8523,1.8646,51682556.0
2025-12-29,1.8646,1.9171,1.8435,1.8494,119693799.0
2025-12-30,1.8495,1.8856,1.8425,1.8763,93035472.0
2025-12-31,1.8764,1.883,1.8101,1.8412,99779649.0
2026-01-01,1.8411,1.8802,1.8251,1.879,67492083.0
2026-01-02,1.8791,2.0307,1.8681,2.006,169186091.0
2026-01-03,2.006,2.055,1.9836,2.017,106967329.0
2026-01-04,2.0171,2.1194,2.0149,2.0898,151701190.0
2026-01-05,2.0899,2.3686,2.0863,2.3467,328684593.0
2026-01-06,2.3467,2.4165,2.2039,2.303,441083951.0
2026-01-07,2.3029,2.3195,2.1502,2.1647,244785531.0
2026-01-08,2.1648,2.1909,2.0652,2.1219,298320634.0
2026-01-09,2.1219,2.1604,2.0711,2.0949,187980883.0
2026-01-10,2.0949,2.1094,2.0794,2.0897,48154103.0
2026-01-11,2.0896,2.1092,2.0418,2.0732,84341365.0
2026-01-12,2.0732,2.1079,2.0338,2.0528,196971871.0
2026-01-13,2.0528,2.1844,2.0467,2.1645,186911387.0
2026-01-14,2.1645,2.1916,2.1099,2.1386,198122905.0
2026-01-15,2.1386,2.1427,2.052,2.0775,165272422.0
2026-01-16,2.0775,2.085,2.0251,2.0671,108384322.0
2026-01-17,2.0671,2.0825,2.0526,2.0623,60523337.0
2026-01-18,2.0623,2.0671,1.9845,1.9902,88949909.0
2026-01-19,1.9901,2.0285,1.8449,1.9851,284564479.0
2026-01-20,1.9851,1.9898,1.8679,1.8888,214777435.0
2026-01-21,1.8889,1.9889,1.8696,1.9466,222824828.0
2026-01-22,1.9465,1.9669,1.9006,1.9228,110213447.0
2026-01-23,1.9227,1.9646,1.8861,1.9185,110115128.0
2026-01-24,1.9186,1.9268,1.9088,1.9135,35575942.0
2026-01-25,1.9136,1.9159,1.8095,1.8344,136032195.0
2026-01-26,1.8344,1.9455,1.8319,1.9027,187023318.0
2026-01-27,1.9028,1.9288,1.873,1.9146,150847648.0
2026-01-28,1.9147,1.9416,1.8931,1.9103,114171678.0
2026-01-29,1.9103,1.9126,1.7766,1.8064,246671537.0
2026-01-30,1.8064,1.8114,1.709,1.734,328687817.0
2026-01-31,1.7341,1.7536,1.5016,1.6457,498225206.0
2026-02-01,1.6457,1.6792,1.5521,1.59,272857952.0
2026-02-02,1.59,1.6561,1.5297,1.6186,305376147.0
2026-02-03,1.6186,1.6335,1.5264,1.5783,301966698.0
2026-02-04,1.5783,1.6112,1.4936,1.511,291067777.0
2026-02-05,1.5109,1.5144,1.1367,1.2137,1020283009.0
2026-02-06,1.2136,1.5415,1.1182,1.4683,1084958798.0
2026-02-07,1.4683,1.4866,1.385,1.4224,554061966.0
2026-02-08,1.4225,1.4685,1.4087,1.4298,236896652.0
2026-02-09,1.4297,1.4638,1.3723,1.4364,259159062.0
2026-02-10,1.4364,1.4524,1.3906,1.3989,208220908.0
2026-02-11,1.3989,1.4198,1.3413,1.3689,299799340.0
2026-02-12,1.3689,1.4074,1.345,1.3628,179507530.0
2026-02-13,1.3628,1.4278,1.3474,1.4065,162297571.0
2026-02-14,1.4065,1.5127,1.4044,1.5084,169845055.0
2026-02-15,1.5083,1.6695,1.4444,1.4741,504340682.0
2026-02-16,1.4741,1.5154,1.4474,1.4865,247971453.0
2026-02-17,1.4865,1.4945,1.4261,1.4735,195325481.0
2026-02-18,1.4734,1.4932,1.4094,1.4211,152906709.0
2026-02-19,1.4211,1.437,1.3805,1.406,159204148.0
2026-02-20,1.406,1.4384,1.3768,1.4282,188613562.0
2026-02-21,1.4281,1.4636,1.4189,1.4296,98379709.0
2026-02-22,1.4295,1.4331,1.3785,1.3923,115351229.0
2026-02-23,1.3923,1.4245,1.3292,1.3511,283251601.0
2026-02-24,1.3511,1.3671,1.3116,1.3475,192339158.0
2026-02-25,1.3475,1.4938,1.3394,1.4332,310219498.0
2026-02-26,1.4331,1.4683,1.3816,1.4015,249474573.0
2026-02-27,1.4016,1.4253,1.3372,1.3553,202881522.0
2026-02-28,1.3554,1.392,1.2696,1.3754,324402233.0
2026-03-01,1.3753,1.4327,1.3361,1.3516,255617609.0
2026-03-02,1.3517,1.4225,1.333,1.3894,272853697.0
2026-03-03,1.3895,1.3946,1.3356,1.3598,214967226.0
2026-03-04,1.3598,1.4726,1.3443,1.4302,257731384.0
2026-03-05,1.4302,1.4517,1.3951,1.4028,177585906.0
2026-03-06,1.4029,1.4138,1.3447,1.3624,150254860.0
2026-03-07,1.3624,1.3739,1.3457,1.3558,69316554.0
2026-03-08,1.3559,1.3705,1.3204,1.3393,123553669.0
2026-03-09,1.3393,1.3837,1.3318,1.3622,145970357.0
2026-03-10,1.3621,1.442,1.36,1.3856,214462469.0
2026-03-11,1.3856,1.4105,1.3696,1.3838,130151008.0
2026-03-12,1.3839,1.3927,1.3638,1.384,121701557.0
2026-03-13,1.3839,1.4531,1.3824,1.398,211369455.0
2026-03-14,1.398,1.4077,1.3832,1.4056,68773585.0
2026-03-15,1.4055,1.4643,1.4011,1.4482,135996475.0
2026-03-16,1.4481,1.5516,1.4344,1.5421,270785066.0
2026-03-17,1.5421,1.6067,1.4932,1.5174,350751408.0
2026-03-18,1.5174,1.5408,1.4351,1.4638,207173295.0
2026-03-19,1.4639,1.4809,1.4211,1.4467,178684793.0
2026-03-20,1.4466,1.4658,1.4238,1.4442,107852844.0
2026-03-21,1.4442,1.4522,1.3993,1.4078,74998176.0
2026-03-22,1.4078,1.4256,1.3706,1.3843,129534684.0
2026-03-23,1.3842,1.4655,1.3608,1.4315,256312972.0
2026-03-24,1.4315,1.4345,1.3828,1.415,147299406.0
2026-03-25,1.415,1.4372,1.4008,1.4139,132419599.0
2026-03-26,1.4138,1.4158,1.3353,1.3599,171366072.0
2026-03-27,1.3599,1.3719,1.3172,1.3247,183274376.0
2026-03-28,1.3248,1.3577,1.3182,1.3326,91943418.0
2026-03-29,1.3326,1.343,1.2938,1.327,118376125.0
2026-03-30,1.3271,1.3664,1.3158,1.3232,179525970.0
2026-03-31,1.3232,1.3498,1.3032,1.3401,191259251.0
2026-04-01,1.3401,1.3679,1.3306,1.3471,142159423.0
2026-04-02,1.3472,1.3563,1.2793,1.3191,188778155.0
2026-04-03,1.3192,1.3348,1.3023,1.3175,142853065.0
2026-04-04,1.3176,1.322,1.3054,1.3147,83580455.0
2026-04-05,1.3147,1.3315,1.2779,1.3257,166536668.0
2026-04-06,1.3258,1.3569,1.3115,1.3202,166317877.0
2026-04-07,1.3202,1.3958,1.2939,1.378,212914082.0
2026-04-08,1.378,1.3891,1.338,1.3419,184890852.0
2026-04-09,1.3419,1.3692,1.3211,1.343,159520128.0
2026-04-10,1.343,1.3655,1.3342,1.3553,128997760.0
2026-04-11,1.3554,1.375,1.3384,1.3541,113670978.0
2026-04-12,1.3542,1.3553,1.3185,1.3238,122801615.0
2026-04-13,1.3238,1.3836,1.3182,1.3753,142826398.0
2026-04-14,1.3753,1.395,1.3511,1.3611,159563281.0
2026-04-15,1.3611,1.409,1.347,1.391,114603700.0
2026-04-16,1.392,1.466,1.386,1.452,176535207.0
2026-04-17,1.451,1.509,1.421,1.475,171481750.0
2026-04-18,1.475,1.482,1.422,1.431,122585522.0
2026-04-19,1.432,1.447,1.39,1.393,171902696.0
2026-04-20,1.394,1.436,1.392,1.423,150512695.0
2026-04-21,1.423,1.449,1.41,1.432,129212564.0
2026-04-22,1.433,1.462,1.425,1.428,117872469.0
2026-04-23,1.428,1.44,1.407,1.438,144296454.0
2026-04-24,1.438,1.45,1.422,1.433,112791252.0
2026-04-25,1.432,1.437,1.417,1.423,59238294.0
2026-04-26,1.423,1.435,1.416,1.43,74536590.0
2026-04-27,1.429,1.446,1.383,1.399,167508057.0
2026-04-28,1.4,1.4,1.366,1.379,97590005.0
2026-04-29,1.379,1.405,1.344,1.368,158443709.0
2026-04-30,1.368,1.384,1.357,1.367,87995016.0
2026-05-01,1.367,1.399,1.363,1.384,101655684.0
2026-05-02,1.385,1.4,1.379,1.393,69596036.0
2026-05-03,1.393,1.404,1.38,1.386,66744070.0
2026-05-04,1.386,1.42,1.382,1.39,173933780.0
2026-05-05,1.39,1.422,1.389,1.412,101390908.0
2026-05-06,1.411,1.457,1.406,1.424,156740741.0
2026-05-07,1.424,1.425,1.379,1.385,132683993.0
2026-05-08,1.386,1.427,1.376,1.417,138057921.0
2026-05-09,1.418,1.435,1.409,1.419,115844189.0
2026-05-10,1.419,1.508,1.41,1.473,259388692.0
2026-05-11,1.473,1.488,1.439,1.477,199987344.0
2026-05-12,1.477,1.484,1.417,1.436,186018164.0
2026-05-13,1.436,1.469,1.41,1.426,193123815.0
2026-05-14,1.426,1.549,1.419,1.484,288079083.0
2026-05-15,1.485,1.5,1.426,1.433,225546021.0
2026-05-16,1.433,1.439,1.394,1.413,152916551.0
2026-05-17,1.413,1.428,1.365,1.4,161897291.0
2026-05-18,1.401,1.402,1.362,1.389,156496746.0
2026-05-19,1.389,1.397,1.351,1.36,143616031.0
2026-05-20,1.361,1.38,1.346,1.366,116577477.0
2026-05-21,1.366,1.386,1.35,1.373,130593297.0
2026-05-22,1.373,1.376,1.328,1.334,138573052.0
2026-05-23,1.333,1.375,1.299,1.357,194142704.0
2026-05-24,1.358,1.37,1.33,1.349,93122439.0
2026-05-25,1.35,1.365,1.342,1.35,78306406.0
2026-05-26,1.349,1.365,1.325,1.328,113607054.0
2026-05-27,1.328,1.343,1.302,1.307,172070183.0
2026-05-28,1.307,1.338,1.266,1.315,181149247.0
2026-05-29,1.314,1.333,1.293,1.328,137490529.0
2026-05-30,1.329,1.365,1.326,1.34,155226910.0
2026-05-31,1.34,1.347,1.319,1.331,115778998.0
2026-06-01,1.332,1.34,1.278,1.297,161139300.0
2026-06-02,1.296,1.297,1.193,1.211,239464341.0
2026-06-03,1.211,1.248,1.185,1.201,224250683.0
2026-06-04,1.2,1.211,1.14,1.168,259206527.0
2026-06-05,1.167,1.174,1.068,1.097,375626229.0
2026-06-06,1.096,1.114,1.048,1.093,250040362.0
2026-06-07,1.092,1.171,1.087,1.155,221594050.0
2026-06-08,1.155,1.186,1.131,1.167,145677110.0
2026-06-09,1.167,1.176,1.118,1.136,184535142.0
2026-06-10,1.137,1.141,1.087,1.096,169705295.0
2026-06-11,1.096,1.15,1.095,1.142,162443275.0
2026-06-12,1.142,1.157,1.125,1.132,123965633.0
2026-06-13,1.131,1.16,1.128,1.149,88774510.0
2026-06-14,1.15,1.187,1.125,1.185,116385016.0
2026-06-15,1.184,1.292,1.177,1.238,287991080.0
2026-06-16,1.238,1.255,1.204,1.217,158932220.0
2026-06-17,1.216,1.227,1.17,1.185,176944704.0
2026-06-18,1.185,1.192,1.132,1.146,156598289.0
2026-06-19,1.146,1.153,1.118,1.135,112038659.0
2026-06-20,1.134,1.155,1.133,1.149,93963611.0
2026-06-21,1.15,1.153,1.12,1.123,112514233.0
2026-06-22,1.124,1.1631,1.1206,1.1286,104183938.0
2026-06-23,1.1286,1.1332,1.0912,1.1094,120045705.0
2026-06-24,1.1093,1.1132,1.0553,1.0588,129663490.0
